{"cameraMode":{"drawMode":0,"name":"Shaded","section":"Shading Mode"},"sceneLighting":false,"audioPlay":false,"sceneViewState":{"showFog":true,"showMaterialUpdate":false,"showSkybox":false,"showFlares":true,"showImageEffects":true,"showParticleSystems":true},"in2DMode":false,"pivot":{"x":-13.496437072753907,"y":1.3570163249969483,"z":-10.027117729187012},"rotation":{"x":-0.13153472542762757,"y":0.3270551562309265,"z":-0.04602595791220665,"w":-0.9346755146980286},"size":9.628753662109375,"orthographic":false}