{"cameraMode":{"drawMode":0,"name":"Shaded","section":"Shading Mode"},"sceneLighting":false,"audioPlay":false,"sceneViewState":{"showFog":true,"showMaterialUpdate":false,"showSkybox":false,"showFlares":true,"showImageEffects":true,"showParticleSystems":true},"in2DMode":false,"pivot":{"x":1.507040023803711,"y":0.10000000894069672,"z":-6.814657211303711},"rotation":{"x":-0.13153472542762757,"y":0.3270551562309265,"z":-0.04602595791220665,"w":-0.9346755146980286},"size":3.26043701171875,"orthographic":false}