{"cameraMode":{"drawMode":0,"name":"Shaded","section":"Shading Mode"},"sceneLighting":false,"audioPlay":false,"sceneViewState":{"showFog":true,"showMaterialUpdate":true,"showSkybox":false,"showFlares":true,"showImageEffects":true,"showParticleSystems":true},"in2DMode":false,"pivot":{"x":1.2542591094970704,"y":-0.40916043519973757,"z":-4.609880447387695},"rotation":{"x":-0.1512223333120346,"y":-0.008306289091706276,"z":0.0012703979155048729,"w":-0.988466739654541},"size":3.8548083305358888,"orthographic":false}