{"cameraMode":{"drawMode":0,"name":"Shaded","section":"Shading Mode"},"sceneLighting":false,"audioPlay":false,"sceneViewState":{"showFog":true,"showMaterialUpdate":false,"showSkybox":false,"showFlares":true,"showImageEffects":true,"showParticleSystems":true},"in2DMode":false,"pivot":{"x":-0.956031084060669,"y":0.009293198585510254,"z":6.27528190612793},"rotation":{"x":-0.12724758684635163,"y":0.3564791679382324,"z":-0.049076568335294726,"w":-0.9242972731590271},"size":8.059606552124024,"orthographic":false}