{"cameraMode":{"drawMode":0,"name":"Shaded","section":"Shading Mode"},"sceneLighting":false,"audioPlay":false,"sceneViewState":{"showFog":true,"showMaterialUpdate":false,"showSkybox":false,"showFlares":true,"showImageEffects":true,"showParticleSystems":true},"in2DMode":false,"pivot":{"x":0.0,"y":0.5737000703811646,"z":1.1474000215530396},"rotation":{"x":-0.13153472542762757,"y":0.3270551562309265,"z":-0.04602595791220665,"w":-0.9346755146980286},"size":7.1467108726501469,"orthographic":false}