{"cameraMode":{"drawMode":0,"name":"Shaded","section":"Shading Mode"},"sceneLighting":true,"audioPlay":false,"sceneViewState":{"showFog":true,"showMaterialUpdate":false,"showSkybox":true,"showFlares":true,"showImageEffects":true,"showParticleSystems":true},"in2DMode":false,"pivot":{"x":1.5206661224365235,"y":-0.19998431205749513,"z":-8.675532341003418},"rotation":{"x":-0.13153472542762757,"y":0.3270551562309265,"z":-0.04602595791220665,"w":-0.9346755146980286},"size":12.124975204467774,"orthographic":false}