{"cameraMode":{"drawMode":0,"name":"Shaded","section":"Shading Mode"},"sceneLighting":false,"audioPlay":false,"sceneViewState":{"showFog":true,"showMaterialUpdate":false,"showSkybox":false,"showFlares":true,"showImageEffects":true,"showParticleSystems":true},"in2DMode":false,"pivot":{"x":-0.014784038066864014,"y":2.039775848388672,"z":-0.5728691816329956},"rotation":{"x":-0.13153472542762757,"y":0.3270551562309265,"z":-0.04602595791220665,"w":-0.9346755146980286},"size":10.370455741882325,"orthographic":false}