{"cameraMode":{"drawMode":0,"name":"Shaded","section":"Shading Mode"},"sceneLighting":true,"audioPlay":false,"sceneViewState":{"showFog":true,"showMaterialUpdate":true,"showSkybox":true,"showFlares":true,"showImageEffects":true,"showParticleSystems":true},"in2DMode":false,"pivot":{"x":0.01301613450050354,"y":0.4199267625808716,"z":-0.17802144587039948},"rotation":{"x":-0.1512223333120346,"y":-0.008306289091706276,"z":0.0012703979155048729,"w":-0.988466739654541},"size":1.7147305011749268,"orthographic":false}