{"cameraMode":{"drawMode":0,"name":"Shaded","section":"Shading Mode"},"sceneLighting":true,"audioPlay":false,"sceneViewState":{"showFog":true,"showMaterialUpdate":true,"showSkybox":true,"showFlares":true,"showImageEffects":true,"showParticleSystems":true},"in2DMode":false,"pivot":{"x":1.9683642387390137,"y":0.18424265086650849,"z":0.10900013148784638},"rotation":{"x":-0.1389070600271225,"y":0.21561935544013978,"z":-0.03100389987230301,"w":-0.9660518765449524},"size":2.57920503616333,"orthographic":false}