{"cameraMode":{"drawMode":0,"name":"Shaded","section":"Shading Mode"},"sceneLighting":false,"audioPlay":false,"sceneViewState":{"showFog":true,"showMaterialUpdate":true,"showSkybox":false,"showFlares":true,"showImageEffects":true,"showParticleSystems":true},"in2DMode":false,"pivot":{"x":-12.789966583251954,"y":1.8432598114013672,"z":-10.606438636779786},"rotation":{"x":0.269504189491272,"y":0.5359779596328735,"z":-0.18557053804397584,"w":0.7784019708633423},"size":9.628753662109375,"orthographic":false}