{"cameraMode":{"drawMode":0,"name":"Shaded","section":"Shading Mode"},"sceneLighting":true,"audioPlay":false,"sceneViewState":{"showFog":true,"showMaterialUpdate":true,"showSkybox":true,"showFlares":true,"showImageEffects":true,"showParticleSystems":true},"in2DMode":false,"pivot":{"x":-15.808865547180176,"y":4.515552997589111,"z":3.612520217895508},"rotation":{"x":-0.21287406980991364,"y":-0.20591877400875092,"z":0.04512149840593338,"w":-0.9542890787124634},"size":10.531169891357422,"orthographic":false}