{"cameraMode":{"drawMode":0,"name":"Shaded","section":"Shading Mode"},"sceneLighting":false,"audioPlay":false,"sceneViewState":{"showFog":true,"showMaterialUpdate":true,"showSkybox":false,"showFlares":true,"showImageEffects":true,"showParticleSystems":true},"in2DMode":false,"pivot":{"x":-0.44708532094955447,"y":-4.803134918212891,"z":-2.133326530456543},"rotation":{"x":-0.40681740641593935,"y":0.27548539638519289,"z":-0.13013498485088349,"w":-0.8612081408500671},"size":8.042156219482422,"orthographic":false}