{"cameraMode":{"drawMode":0,"name":"Shaded","section":"Shading Mode"},"sceneLighting":false,"audioPlay":false,"sceneViewState":{"showFog":true,"showMaterialUpdate":true,"showSkybox":false,"showFlares":true,"showImageEffects":true,"showParticleSystems":true},"in2DMode":false,"pivot":{"x":0.0,"y":0.5737000703811646,"z":1.1474000215530396},"rotation":{"x":-0.14528873562812806,"y":-0.012770252302289009,"z":0.001841963967308402,"w":-0.9893618822097778},"size":7.1467108726501469,"orthographic":false}