{"cameraMode":{"drawMode":0,"name":"Shaded","section":"Shading Mode"},"sceneLighting":false,"audioPlay":false,"sceneViewState":{"showFog":true,"showMaterialUpdate":true,"showSkybox":false,"showFlares":true,"showImageEffects":true,"showParticleSystems":true},"in2DMode":false,"pivot":{"x":1.0858802795410157,"y":0.6050552129745483,"z":0.421644389629364},"rotation":{"x":-0.0834520235657692,"y":-0.6560291051864624,"z":0.07332231849431992,"w":-0.7466170787811279},"size":7.1467108726501469,"orthographic":false}