{"cameraMode":{"drawMode":0,"name":"Shaded","section":"Shading Mode"},"sceneLighting":true,"audioPlay":false,"sceneViewState":{"showFog":true,"showMaterialUpdate":true,"showSkybox":false,"showFlares":true,"showImageEffects":true,"showParticleSystems":true},"in2DMode":false,"pivot":{"x":0.06779372692108154,"y":1.2855688333511353,"z":0.9281097650527954},"rotation":{"x":0.04417704790830612,"y":-0.9556625485420227,"z":0.19501817226409913,"w":0.21631617844104768},"size":1.7147305011749268,"orthographic":false}