{"cameraMode":{"drawMode":0,"name":"Shaded","section":"Shading Mode"},"sceneLighting":false,"audioPlay":false,"sceneViewState":{"showFog":true,"showMaterialUpdate":true,"showSkybox":false,"showFlares":true,"showImageEffects":true,"showParticleSystems":true},"in2DMode":false,"pivot":{"x":0.9480910301208496,"y":-0.1300220489501953,"z":-9.1363525390625},"rotation":{"x":-0.14268694818019868,"y":-0.30013734102249148,"z":0.04546321555972099,"w":-0.9421482682228088},"size":13.520720481872559,"orthographic":false}