{"cameraMode":{"drawMode":0,"name":"Shaded","section":"Shading Mode"},"sceneLighting":true,"audioPlay":false,"sceneViewState":{"showFog":true,"showMaterialUpdate":true,"showSkybox":false,"showFlares":true,"showImageEffects":true,"showParticleSystems":true},"in2DMode":false,"pivot":{"x":0.8008478879928589,"y":0.036284178495407107,"z":-2.9355602264404299},"rotation":{"x":0.03490738570690155,"y":0.2795626223087311,"z":-0.009983872063457966,"w":0.9595615863800049},"size":2.229048490524292,"orthographic":false}