{"cameraMode":{"drawMode":0,"name":"Shaded","section":"Shading Mode"},"sceneLighting":true,"audioPlay":false,"sceneViewState":{"showFog":false,"showMaterialUpdate":false,"showSkybox":false,"showFlares":false,"showImageEffects":false,"showParticleSystems":false},"in2DMode":false,"pivot":{"x":1.9588266611099244,"y":0.34012722969055178,"z":-6.83494234085083},"rotation":{"x":-0.2158636897802353,"y":-0.04626959562301636,"z":0.010241666808724404,"w":-0.9753484129905701},"size":3.26043701171875,"orthographic":false}