{"cameraMode":{"drawMode":0,"name":"Shaded","section":"Shading Mode"},"sceneLighting":true,"audioPlay":false,"sceneViewState":{"showFog":true,"showMaterialUpdate":true,"showSkybox":false,"showFlares":true,"showImageEffects":true,"showParticleSystems":true},"in2DMode":false,"pivot":{"x":1.1095354557037354,"y":-0.03025270625948906,"z":-4.187458038330078},"rotation":{"x":-0.21095925569534303,"y":-0.3208383619785309,"z":0.07355451583862305,"w":-0.9204434156417847},"size":3.631239652633667,"orthographic":false}