{"cameraMode":{"drawMode":0,"name":"Shaded","section":"Shading Mode"},"sceneLighting":false,"audioPlay":false,"sceneViewState":{"showFog":true,"showMaterialUpdate":true,"showSkybox":false,"showFlares":true,"showImageEffects":true,"showParticleSystems":true},"in2DMode":false,"pivot":{"x":1.6920632123947144,"y":0.08552534133195877,"z":-1.161574363708496},"rotation":{"x":0.007356152404099703,"y":-0.9685384631156921,"z":-0.028761470690369607,"w":-0.2471969723701477},"size":2.57920503616333,"orthographic":false}