{"cameraMode":{"drawMode":0,"name":"Shaded","section":"Shading Mode"},"sceneLighting":false,"audioPlay":false,"sceneViewState":{"showFog":true,"showMaterialUpdate":true,"showSkybox":false,"showFlares":true,"showImageEffects":true,"showParticleSystems":true},"in2DMode":false,"pivot":{"x":-32.149993896484378,"y":340.20001220703127,"z":0.0},"rotation":{"x":-0.13087798655033112,"y":-0.24370823800563813,"z":0.032786622643470767,"w":-0.9605981111526489},"size":140.00714111328126,"orthographic":false}