{"cameraMode":{"drawMode":0,"name":"Shaded","section":"Shading Mode"},"sceneLighting":false,"audioPlay":false,"sceneViewState":{"showFog":true,"showMaterialUpdate":true,"showSkybox":false,"showFlares":true,"showImageEffects":true,"showParticleSystems":true},"in2DMode":false,"pivot":{"x":-2.266777992248535,"y":1.5939990282058716,"z":1.054246187210083},"rotation":{"x":-0.050696536898612979,"y":-0.743340253829956,"z":-0.056787583976984027,"w":0.6647017598152161},"size":7.1467108726501469,"orthographic":false}