{"cameraMode":{"drawMode":0,"name":"Shaded","section":"Shading Mode"},"sceneLighting":false,"audioPlay":false,"sceneViewState":{"showFog":true,"showMaterialUpdate":true,"showSkybox":false,"showFlares":true,"showImageEffects":true,"showParticleSystems":true},"in2DMode":false,"pivot":{"x":5.936100959777832,"y":6.1299238204956059,"z":2.0182621479034426},"rotation":{"x":-0.14392150938510896,"y":0.5106322169303894,"z":0.08744687587022782,"w":0.8433036804199219},"size":10.370455741882325,"orthographic":false}