{"cameraMode":{"drawMode":0,"name":"Shaded","section":"Shading Mode"},"sceneLighting":false,"audioPlay":false,"sceneViewState":{"showFog":true,"showMaterialUpdate":true,"showSkybox":false,"showFlares":true,"showImageEffects":true,"showParticleSystems":true},"in2DMode":false,"pivot":{"x":-9.705257415771485,"y":-2.0394744873046877,"z":-8.849641799926758},"rotation":{"x":0.29373404383659365,"y":0.5732001662254334,"z":-0.23082250356674195,"w":0.7294749021530151},"size":9.628753662109375,"orthographic":false}