{"cameraMode":{"drawMode":0,"name":"Shaded","section":"Shading Mode"},"sceneLighting":true,"audioPlay":false,"sceneViewState":{"showFog":true,"showMaterialUpdate":true,"showSkybox":false,"showFlares":true,"showImageEffects":true,"showParticleSystems":true},"in2DMode":false,"pivot":{"x":4.153599262237549,"y":-0.5470761656761169,"z":-17.50568962097168},"rotation":{"x":0.10942642390727997,"y":0.320501446723938,"z":-0.03716554120182991,"w":0.9402980208396912},"size":1.934621810913086,"orthographic":false}