{"cameraMode":{"drawMode":0,"name":"Shaded","section":"Shading Mode"},"sceneLighting":false,"audioPlay":false,"sceneViewState":{"showFog":true,"showMaterialUpdate":true,"showSkybox":false,"showFlares":true,"showImageEffects":true,"showParticleSystems":true},"in2DMode":false,"pivot":{"x":-0.956031084060669,"y":0.009293198585510254,"z":6.27528190612793},"rotation":{"x":-0.00873860064893961,"y":-0.5874312520027161,"z":0.006362162996083498,"w":-0.809235692024231},"size":8.059606552124024,"orthographic":false}